{"1": {"accuracy": 0.9328358208955224, "f1_score": 0.9335048185860199}, "2": {"accuracy": 0.8805970149253731, "f1_score": 0.8816352631764925}, "3": {"accuracy": 0.917910447761194, "f1_score": 0.9204907052733141}, "4": {"accuracy": 0.8582089552238806, "f1_score": 0.8566327392414349}, "5": {"accuracy": 0.9029850746268657, "f1_score": 0.9038545247855592}, "6": {"accuracy": 0.8805970149253731, "f1_score": 0.8837431827431829}, "7": {"accuracy": 0.9104477611940298, "f1_score": 0.9104642167867976}, "8": {"accuracy": 0.8880597014925373, "f1_score": 0.8899888566095463}, "9": {"accuracy": 0.9253731343283582, "f1_score": 0.9248429364377639}, "10": {"accuracy": 0.8880597014925373, "f1_score": 0.8944013024013024}}