{"1": {"accuracy": 0.7089552238805971, "f1_score": 0.7047966381444641}, "2": {"accuracy": 0.6567164179104478, "f1_score": 0.6586371292778411}, "3": {"accuracy": 0.7611940298507462, "f1_score": 0.7539664171002913}, "4": {"accuracy": 0.6791044776119403, "f1_score": 0.671878772445273}, "5": {"accuracy": 0.7089552238805971, "f1_score": 0.6997383236519392}, "6": {"accuracy": 0.664179104477612, "f1_score": 0.6563986723215932}, "7": {"accuracy": 0.582089552238806, "f1_score": 0.5769018135020427}, "8": {"accuracy": 0.6492537313432836, "f1_score": 0.6479316979316979}, "9": {"accuracy": 0.6940298507462687, "f1_score": 0.6870188870415731}, "10": {"accuracy": 0.6492537313432836, "f1_score": 0.6360390492794584}}