{"1": {"accuracy": 0.9571428571428572, "f1_score": 0.9578199578199579}, "2": {"accuracy": 0.9285714285714286, "f1_score": 0.9298809523809526}, "3": {"accuracy": 0.9714285714285714, "f1_score": 0.9745299145299147}, "4": {"accuracy": 0.8857142857142857, "f1_score": 0.8875544063779358}, "5": {"accuracy": 0.9142857142857143, "f1_score": 0.9158236371471666}, "6": {"accuracy": 0.9428571428571428, "f1_score": 0.9430207047854106}, "7": {"accuracy": 0.9714285714285714, "f1_score": 0.9730920060331826}, "8": {"accuracy": 0.9428571428571428, "f1_score": 0.9486111111111111}, "9": {"accuracy": 0.9571428571428572, "f1_score": 0.9573344302756068}, "10": {"accuracy": 0.9, "f1_score": 0.8958275058275058}}