{"1": {"accuracy": 0.8805970149253731, "f1_score": 0.8751833448355187}, "2": {"accuracy": 0.8283582089552238, "f1_score": 0.8270242200328408}, "3": {"accuracy": 0.8283582089552238, "f1_score": 0.8300092551127035}, "4": {"accuracy": 0.8656716417910447, "f1_score": 0.8575398726124531}, "5": {"accuracy": 0.835820895522388, "f1_score": 0.8327731527731528}, "6": {"accuracy": 0.7985074626865671, "f1_score": 0.7935719319827266}, "7": {"accuracy": 0.7910447761194029, "f1_score": 0.78644666122927}, "8": {"accuracy": 0.8432835820895522, "f1_score": 0.839388627097067}, "9": {"accuracy": 0.8582089552238806, "f1_score": 0.8585641825247666}, "10": {"accuracy": 0.8582089552238806, "f1_score": 0.8586697519923326}}