{"1": {"accuracy": 0.7571428571428571, "f1_score": 0.7571101284336579}, "2": {"accuracy": 0.5714285714285714, "f1_score": 0.553939393939394}, "3": {"accuracy": 0.6714285714285714, "f1_score": 0.6585752482811307}, "4": {"accuracy": 0.7142857142857143, "f1_score": 0.6993512043512045}, "5": {"accuracy": 0.6285714285714286, "f1_score": 0.6091018884497146}, "6": {"accuracy": 0.5857142857142857, "f1_score": 0.5667826617826617}, "7": {"accuracy": 0.5285714285714286, "f1_score": 0.537172587760823}, "8": {"accuracy": 0.6142857142857143, "f1_score": 0.5908851674641149}, "9": {"accuracy": 0.7142857142857143, "f1_score": 0.6928379953379953}, "10": {"accuracy": 0.7142857142857143, "f1_score": 0.6973011792129438}}