{"1": {"accuracy": 0.8571428571428571, "f1_score": 0.8492307692307692}, "2": {"accuracy": 0.9285714285714286, "f1_score": 0.9188795518207282}, "3": {"accuracy": 0.9, "f1_score": 0.8682110536522301}, "4": {"accuracy": 0.8428571428571429, "f1_score": 0.836123141564318}, "5": {"accuracy": 0.8571428571428571, "f1_score": 0.8564355252590545}, "6": {"accuracy": 0.8571428571428571, "f1_score": 0.8489646627881923}, "7": {"accuracy": 0.8285714285714286, "f1_score": 0.8218683586795041}, "8": {"accuracy": 0.8428571428571429, "f1_score": 0.8357550945786241}, "9": {"accuracy": 0.8142857142857143, "f1_score": 0.7995805501687855}, "10": {"accuracy": 0.8285714285714286, "f1_score": 0.8183730158730158}}