{"1": {"accuracy": 0.8125, "f1_score": 0.8106943056943058}, "2": {"accuracy": 0.75, "f1_score": 0.7515950715950716}, "3": {"accuracy": 0.90625, "f1_score": 0.9017582417582417}, "4": {"accuracy": 0.828125, "f1_score": 0.8271814460049753}, "5": {"accuracy": 0.921875, "f1_score": 0.9145720945720945}, "6": {"accuracy": 0.796875, "f1_score": 0.7872082819141644}, "7": {"accuracy": 0.8125, "f1_score": 0.8054124822545875}, "8": {"accuracy": 0.828125, "f1_score": 0.8244930069930069}, "9": {"accuracy": 0.90625, "f1_score": 0.9070929070929072}, "10": {"accuracy": 0.921875, "f1_score": 0.9200233100233101}}