{"1": {"accuracy": 0.84375, "f1_score": 0.8441647241647242}, "2": {"accuracy": 0.875, "f1_score": 0.8775391275391276}, "3": {"accuracy": 0.921875, "f1_score": 0.922893772893773}, "4": {"accuracy": 0.890625, "f1_score": 0.8923285048285047}, "5": {"accuracy": 0.921875, "f1_score": 0.9182167832167833}, "6": {"accuracy": 0.96875, "f1_score": 0.9665501165501166}, "7": {"accuracy": 0.90625, "f1_score": 0.9052913752913753}, "8": {"accuracy": 0.953125, "f1_score": 0.9544988344988345}, "9": {"accuracy": 0.953125, "f1_score": 0.9522644022644023}, "10": {"accuracy": 0.828125, "f1_score": 0.8234609250398723}}