{"1": {"accuracy": 0.90625, "f1_score": 0.9024928013163306}, "2": {"accuracy": 0.796875, "f1_score": 0.7843506493506494}, "3": {"accuracy": 0.859375, "f1_score": 0.8536596736596737}, "4": {"accuracy": 0.734375, "f1_score": 0.719614552114552}, "5": {"accuracy": 0.828125, "f1_score": 0.8295054945054945}, "6": {"accuracy": 0.8125, "f1_score": 0.810944055944056}, "7": {"accuracy": 0.71875, "f1_score": 0.7060672660672661}, "8": {"accuracy": 0.84375, "f1_score": 0.8462254412254412}, "9": {"accuracy": 0.8125, "f1_score": 0.8033225108225107}, "10": {"accuracy": 0.828125, "f1_score": 0.8182059607059606}}