{"1": {"accuracy": 0.8714285714285714, "f1_score": 0.8811786861637311}, "2": {"accuracy": 0.9428571428571428, "f1_score": 0.9523201362281822}, "3": {"accuracy": 0.9428571428571428, "f1_score": 0.9521367521367522}, "4": {"accuracy": 0.9857142857142858, "f1_score": 0.9880914407230197}, "5": {"accuracy": 0.9, "f1_score": 0.9164268201684256}, "6": {"accuracy": 0.9428571428571428, "f1_score": 0.9521367521367522}, "7": {"accuracy": 0.9571428571428572, "f1_score": 0.9641829229293252}, "8": {"accuracy": 0.9285714285714286, "f1_score": 0.9404572036150983}, "9": {"accuracy": 0.9, "f1_score": 0.9166400850611377}, "10": {"accuracy": 0.9428571428571428, "f1_score": 0.9523809523809524}}