{"1": {"accuracy": 0.7761194029850746, "f1_score": 0.7738269545608994}, "2": {"accuracy": 0.7313432835820896, "f1_score": 0.7311996206733049}, "3": {"accuracy": 0.6268656716417911, "f1_score": 0.619731435319515}, "4": {"accuracy": 0.7164179104477612, "f1_score": 0.7032438045522157}, "5": {"accuracy": 0.7238805970149254, "f1_score": 0.7074484888123619}, "6": {"accuracy": 0.6791044776119403, "f1_score": 0.6731588145522571}, "7": {"accuracy": 0.6492537313432836, "f1_score": 0.6326498987405352}, "8": {"accuracy": 0.7014925373134329, "f1_score": 0.6979029825329636}, "9": {"accuracy": 0.6343283582089553, "f1_score": 0.6296490558840359}, "10": {"accuracy": 0.7686567164179104, "f1_score": 0.7642657842864242}}