{"1": {"accuracy": 0.917910447761194, "f1_score": 0.932046332046332}, "2": {"accuracy": 0.8656716417910447, "f1_score": 0.887928052576963}, "3": {"accuracy": 0.8955223880597015, "f1_score": 0.9135506003430532}, "4": {"accuracy": 0.9253731343283582, "f1_score": 0.9380804953560372}, "5": {"accuracy": 0.8805970149253731, "f1_score": 0.9010989010989011}, "6": {"accuracy": 0.9253731343283582, "f1_score": 0.9382716049382717}, "7": {"accuracy": 0.9328358208955224, "f1_score": 0.9444396810426134}, "8": {"accuracy": 0.8805970149253731, "f1_score": 0.9009287925696595}, "9": {"accuracy": 0.8880597014925373, "f1_score": 0.9073994684043557}, "10": {"accuracy": 0.917910447761194, "f1_score": 0.931952916917261}}