{"1": {"accuracy": 0.6714285714285714, "f1_score": 0.6460114518785787}, "2": {"accuracy": 0.7142857142857143, "f1_score": 0.6566234426646326}, "3": {"accuracy": 0.7428571428571429, "f1_score": 0.7065807755462927}, "4": {"accuracy": 0.6142857142857143, "f1_score": 0.6019400352733686}, "5": {"accuracy": 0.6571428571428571, "f1_score": 0.6121007292963687}, "6": {"accuracy": 0.7, "f1_score": 0.6538746755654431}, "7": {"accuracy": 0.7428571428571429, "f1_score": 0.7158171755872905}, "8": {"accuracy": 0.6714285714285714, "f1_score": 0.6539946345612773}, "9": {"accuracy": 0.6857142857142857, "f1_score": 0.6663070029522397}, "10": {"accuracy": 0.7, "f1_score": 0.6826586372253819}}