{"1": {"accuracy": 0.9142857142857143, "f1_score": 0.9285714285714285}, "2": {"accuracy": 0.8857142857142857, "f1_score": 0.9046402724563644}, "3": {"accuracy": 0.8571428571428571, "f1_score": 0.8808003405704555}, "4": {"accuracy": 0.8714285714285714, "f1_score": 0.8928229665071771}, "5": {"accuracy": 0.8857142857142857, "f1_score": 0.9042735042735043}, "6": {"accuracy": 0.8857142857142857, "f1_score": 0.9036559139784947}, "7": {"accuracy": 0.8571428571428571, "f1_score": 0.8795698924731182}, "8": {"accuracy": 0.9, "f1_score": 0.9164268201684256}, "9": {"accuracy": 0.8714285714285714, "f1_score": 0.8928229665071771}, "10": {"accuracy": 0.8571428571428571, "f1_score": 0.8803418803418803}}