{"1": {"accuracy": 0.8582089552238806, "f1_score": 0.8826254826254827}, "2": {"accuracy": 0.8880597014925373, "f1_score": 0.9070167886353854}, "3": {"accuracy": 0.8432835820895522, "f1_score": 0.8702702702702703}, "4": {"accuracy": 0.8656716417910447, "f1_score": 0.8887362637362637}, "5": {"accuracy": 0.8059701492537313, "f1_score": 0.8390092879256965}, "6": {"accuracy": 0.8955223880597015, "f1_score": 0.913312693498452}, "7": {"accuracy": 0.8656716417910447, "f1_score": 0.8885448916408668}, "8": {"accuracy": 0.8955223880597015, "f1_score": 0.9135506003430532}, "9": {"accuracy": 0.8582089552238806, "f1_score": 0.8827059933121838}, "10": {"accuracy": 0.835820895522388, "f1_score": 0.864010989010989}}