{"1": {"accuracy": 0.921875, "f1_score": 0.9346405228758169}, "2": {"accuracy": 0.890625, "f1_score": 0.9083557951482479}, "3": {"accuracy": 0.890625, "f1_score": 0.8932673564252512}, "4": {"accuracy": 0.859375, "f1_score": 0.8627355623100303}, "5": {"accuracy": 0.859375, "f1_score": 0.8694207027540362}, "6": {"accuracy": 0.90625, "f1_score": 0.9212962962962963}, "7": {"accuracy": 0.890625, "f1_score": 0.8967291967291967}, "8": {"accuracy": 0.703125, "f1_score": 0.7238888888888889}, "9": {"accuracy": 0.6875, "f1_score": 0.6946168840905682}, "10": {"accuracy": 0.796875, "f1_score": 0.805655595571562}}