{"1": {"accuracy": 0.875, "f1_score": 0.8953846153846153}, "2": {"accuracy": 0.9375, "f1_score": 0.9476923076923077}, "3": {"accuracy": 0.9375, "f1_score": 0.9476923076923077}, "4": {"accuracy": 0.890625, "f1_score": 0.9072124756335281}, "5": {"accuracy": 0.953125, "f1_score": 0.960723912206392}, "6": {"accuracy": 0.96875, "f1_score": 0.9738461538461539}, "7": {"accuracy": 0.9375, "f1_score": 0.9476923076923077}, "8": {"accuracy": 0.921875, "f1_score": 0.93453985367732}, "9": {"accuracy": 0.953125, "f1_score": 0.960723912206392}, "10": {"accuracy": 0.9375, "f1_score": 0.9476923076923077}}