{"1": {"accuracy": 0.875, "f1_score": 0.8944099378881987}, "2": {"accuracy": 0.84375, "f1_score": 0.8688271604938271}, "3": {"accuracy": 0.890625, "f1_score": 0.9072124756335281}, "4": {"accuracy": 0.875, "f1_score": 0.8950617283950617}, "5": {"accuracy": 0.84375, "f1_score": 0.8692307692307693}, "6": {"accuracy": 0.890625, "f1_score": 0.9079303675048355}, "7": {"accuracy": 0.84375, "f1_score": 0.8692307692307693}, "8": {"accuracy": 0.84375, "f1_score": 0.8692307692307693}, "9": {"accuracy": 0.859375, "f1_score": 0.8821717366191759}, "10": {"accuracy": 0.8125, "f1_score": 0.8425925925925926}}