{"0.1": {"1": {"train_accuracy": 0.4411764705882353, "train_f1_score": 0.38106227106227103, "test_accuracy": 0.37142857142857144, "test_f1_score": 0.295}, "2": {"train_accuracy": 0.35294117647058826, "train_f1_score": 0.3304761904761905, "test_accuracy": 0.37142857142857144, "test_f1_score": 0.32055555555555554}, "3": {"train_accuracy": 0.5294117647058824, "train_f1_score": 0.401984126984127, "test_accuracy": 0.4, "test_f1_score": 0.30166666666666664}, "4": {"train_accuracy": 0.20588235294117646, "train_f1_score": 0.11928104575163398, "test_accuracy": 0.2, "test_f1_score": 0.07608695652173914}, "5": {"train_accuracy": 0.4411764705882353, "train_f1_score": 0.3923304473304473, "test_accuracy": 0.37142857142857144, "test_f1_score": 0.3166666666666667}, "6": {"train_accuracy": 0.6176470588235294, "train_f1_score": 0.5812987012987012, "test_accuracy": 0.42857142857142855, "test_f1_score": 0.3662987012987013}, "7": {"train_accuracy": 0.4411764705882353, "train_f1_score": 0.3497041847041847, "test_accuracy": 0.42857142857142855, "test_f1_score": 0.3525685425685426}, "8": {"train_accuracy": 0.5, "train_f1_score": 0.4482828282828283, "test_accuracy": 0.42857142857142855, "test_f1_score": 0.3415584415584415}, "9": {"train_accuracy": 0.38235294117647056, "train_f1_score": 0.3538383838383839, "test_accuracy": 0.42857142857142855, "test_f1_score": 0.3182051282051282}, "10": {"train_accuracy": 0.5882352941176471, "train_f1_score": 0.5906637806637807, "test_accuracy": 0.4857142857142857, "test_f1_score": 0.43701465201465195}}, "0.2": {"1": {"train_accuracy": 0.6521739130434783, "train_f1_score": 0.619412955465587, "test_accuracy": 0.6571428571428571, "test_f1_score": 0.651904761904762}, "2": {"train_accuracy": 0.7391304347826086, "train_f1_score": 0.7339568764568765, "test_accuracy": 0.7714285714285715, "test_f1_score": 0.7277272727272727}, "3": {"train_accuracy": 0.7681159420289855, "train_f1_score": 0.7551071666551543, "test_accuracy": 0.6571428571428571, "test_f1_score": 0.5935930735930736}, "4": {"train_accuracy": 0.6811594202898551, "train_f1_score": 0.6728183091418385, "test_accuracy": 0.6, "test_f1_score": 0.5381240981240981}, "5": {"train_accuracy": 0.7246376811594203, "train_f1_score": 0.7228335553335553, "test_accuracy": 0.6857142857142857, "test_f1_score": 0.6466466866466867}, "6": {"train_accuracy": 0.6811594202898551, "train_f1_score": 0.6193838840897665, "test_accuracy": 0.5714285714285714, "test_f1_score": 0.44259906759906753}, "7": {"train_accuracy": 0.7536231884057971, "train_f1_score": 0.7472946661181956, "test_accuracy": 0.6, "test_f1_score": 0.5704761904761905}, "8": {"train_accuracy": 0.7536231884057971, "train_f1_score": 0.7428901000959824, "test_accuracy": 0.4857142857142857, "test_f1_score": 0.45510101010101006}, "9": {"train_accuracy": 0.6521739130434783, "train_f1_score": 0.6387679971947706, "test_accuracy": 0.6571428571428571, "test_f1_score": 0.6107142857142858}, "10": {"train_accuracy": 0.7681159420289855, "train_f1_score": 0.7452109328579917, "test_accuracy": 0.6, "test_f1_score": 0.5746825396825397}}, "0.3": {"1": {"train_accuracy": 0.8557692307692307, "train_f1_score": 0.8540181261233892, "test_accuracy": 0.8571428571428571, "test_f1_score": 0.8632828282828283}, "2": {"train_accuracy": 0.75, "train_f1_score": 0.7527601512788378, "test_accuracy": 0.7428571428571429, "test_f1_score": 0.7164285714285714}, "3": {"train_accuracy": 0.8365384615384616, "train_f1_score": 0.840224044960887, "test_accuracy": 0.6857142857142857, "test_f1_score": 0.6776190476190476}, "4": {"train_accuracy": 0.8076923076923077, "train_f1_score": 0.7961212099447393, "test_accuracy": 0.8857142857142857, "test_f1_score": 0.8864285714285716}, "5": {"train_accuracy": 0.7884615384615384, "train_f1_score": 0.7854001313444038, "test_accuracy": 0.7714285714285715, "test_f1_score": 0.7438095238095238}, "6": {"train_accuracy": 0.7884615384615384, "train_f1_score": 0.7782395382395382, "test_accuracy": 0.7714285714285715, "test_f1_score": 0.712012987012987}, "7": {"train_accuracy": 0.7596153846153846, "train_f1_score": 0.7522143302921335, "test_accuracy": 0.8857142857142857, "test_f1_score": 0.8814285714285715}, "8": {"train_accuracy": 0.7980769230769231, "train_f1_score": 0.7966708437761069, "test_accuracy": 0.6571428571428571, "test_f1_score": 0.6066955266955266}, "9": {"train_accuracy": 0.8653846153846154, "train_f1_score": 0.8662353659412483, "test_accuracy": 0.7714285714285715, "test_f1_score": 0.7676190476190475}, "10": {"train_accuracy": 0.7403846153846154, "train_f1_score": 0.731436063936064, "test_accuracy": 0.7142857142857143, "test_f1_score": 0.6661904761904761}}, "0.4": {"1": {"train_accuracy": 0.8992805755395683, "train_f1_score": 0.8969211159211159, "test_accuracy": 0.8285714285714286, "test_f1_score": 0.8347619047619048}, "2": {"train_accuracy": 0.8705035971223022, "train_f1_score": 0.87250114345255, "test_accuracy": 0.7714285714285715, "test_f1_score": 0.7616666666666667}, "3": {"train_accuracy": 0.7985611510791367, "train_f1_score": 0.7949636548126772, "test_accuracy": 0.5714285714285714, "test_f1_score": 0.5460317460317461}, "4": {"train_accuracy": 0.8489208633093526, "train_f1_score": 0.8361253923439522, "test_accuracy": 0.7714285714285715, "test_f1_score": 0.762936507936508}, "5": {"train_accuracy": 0.9064748201438849, "train_f1_score": 0.9083529411764706, "test_accuracy": 0.8285714285714286, "test_f1_score": 0.824047619047619}, "6": {"train_accuracy": 0.8345323741007195, "train_f1_score": 0.8372098364598365, "test_accuracy": 0.8285714285714286, "test_f1_score": 0.8223809523809524}, "7": {"train_accuracy": 0.8345323741007195, "train_f1_score": 0.8315141336231436, "test_accuracy": 0.7142857142857143, "test_f1_score": 0.7057142857142857}, "8": {"train_accuracy": 0.8273381294964028, "train_f1_score": 0.8257748974885406, "test_accuracy": 0.7142857142857143, "test_f1_score": 0.6522222222222223}, "9": {"train_accuracy": 0.8129496402877698, "train_f1_score": 0.8151380168925808, "test_accuracy": 0.8, "test_f1_score": 0.7662698412698413}, "10": {"train_accuracy": 0.8129496402877698, "train_f1_score": 0.8163599618772033, "test_accuracy": 0.8285714285714286, "test_f1_score": 0.8021428571428573}}, "0.5": {"1": {"train_accuracy": 0.8735632183908046, "train_f1_score": 0.8764616242391385, "test_accuracy": 0.7428571428571429, "test_f1_score": 0.7440476190476191}, "2": {"train_accuracy": 0.8448275862068966, "train_f1_score": 0.8404978285599729, "test_accuracy": 0.8857142857142857, "test_f1_score": 0.8864285714285716}, "3": {"train_accuracy": 0.8850574712643678, "train_f1_score": 0.8880696759427611, "test_accuracy": 0.7714285714285715, "test_f1_score": 0.7638888888888888}, "4": {"train_accuracy": 0.8620689655172413, "train_f1_score": 0.8604390066868846, "test_accuracy": 0.8, "test_f1_score": 0.7908225108225108}, "5": {"train_accuracy": 0.9080459770114943, "train_f1_score": 0.9110284340705448, "test_accuracy": 0.8, "test_f1_score": 0.7932539682539683}, "6": {"train_accuracy": 0.8850574712643678, "train_f1_score": 0.8889165241698656, "test_accuracy": 0.8, "test_f1_score": 0.7941269841269841}, "7": {"train_accuracy": 0.8563218390804598, "train_f1_score": 0.8591454006209419, "test_accuracy": 0.8571428571428571, "test_f1_score": 0.846031746031746}, "8": {"train_accuracy": 0.867816091954023, "train_f1_score": 0.8632436236813803, "test_accuracy": 0.9428571428571428, "test_f1_score": 0.9434920634920635}, "9": {"train_accuracy": 0.8908045977011494, "train_f1_score": 0.8918838351448153, "test_accuracy": 0.7428571428571429, "test_f1_score": 0.731904761904762}, "10": {"train_accuracy": 0.9022988505747126, "train_f1_score": 0.9046224693462858, "test_accuracy": 0.8857142857142857, "test_f1_score": 0.871031746031746}}, "0.6": {"1": {"train_accuracy": 0.8803827751196173, "train_f1_score": 0.8671921058081014, "test_accuracy": 0.9142857142857143, "test_f1_score": 0.906984126984127}, "2": {"train_accuracy": 0.9186602870813397, "train_f1_score": 0.9219271925618676,